{
  "C6": {
    "clean_nrmse": 1.0656456509997618,
    "clean_nrmse_bootstrap": {
      "block_dates": 20,
      "lower": 1.0311536202115998,
      "method": "circular_moving_date_block",
      "point": 1.0656456509997618,
      "replicates": 2,
      "seed": 1224107446713648398,
      "upper": 1.0953421953876707
    },
    "description_length": "N/A",
    "estimated_flops": 11552,
    "fidelity_nrmse": "N/A",
    "fidelity_reason": "matched MLP is a non-symbolic numerical control",
    "noisy_nrmse": 1.0589565450098055,
    "optimizer_steps": 1,
    "peak_memory_bytes": 630906880,
    "peak_memory_kind": "process_peak_rss_linux",
    "sample_presentations": 16,
    "shape_nrmse": 0.8701507849352323,
    "trainable_parameters": 361,
    "wall_clock_seconds": 0.0022715572267770767
  },
  "E1": {
    "clean_nrmse": 0.9918973800197061,
    "clean_nrmse_bootstrap": {
      "block_dates": 20,
      "lower": 0.998456147061769,
      "method": "circular_moving_date_block",
      "point": 0.9918973800197061,
      "replicates": 2,
      "seed": 2460261334749026700,
      "upper": 1.0005930233143256
    },
    "description_length": "N/A",
    "estimated_flops": 3680,
    "fidelity_nrmse": "N/A",
    "fidelity_reason": "free spline has no independent hard program",
    "noisy_nrmse": 0.9911420673515737,
    "optimizer_steps": 1,
    "peak_memory_bytes": 630714368,
    "peak_memory_kind": "process_peak_rss_linux",
    "sample_presentations": 16,
    "shape_nrmse": 1.0028216157834593,
    "trainable_parameters": 115,
    "wall_clock_seconds": 0.003384483978152275
  },
  "E2": {
    "candidate_evaluations": 48,
    "clean_nrmse": 0.9914539531995523,
    "clean_nrmse_bootstrap": {
      "block_dates": 20,
      "lower": 0.9883267358109995,
      "method": "circular_moving_date_block",
      "point": 0.9914539531995523,
      "replicates": 2,
      "seed": 8158934498519976102,
      "upper": 1.0006091846841076
    },
    "complexity": {
      "ast_depth": 4,
      "ast_node_count": 25,
      "free_constants": 25,
      "serialized_description_length": 1108
    },
    "description_length": 1108,
    "estimated_flops": 3193600,
    "fidelity_max_absolute_error": 0.003159042035172418,
    "fidelity_nrmse": 0.14860912221545525,
    "fidelity_pearson": 0.9891736066948686,
    "noisy_nrmse": 0.9907074054923827,
    "optimizer_steps": {
      "reason": "non-neural arm has no optimizer-step or peak-memory measurement",
      "value": "N/A"
    },
    "peak_memory_bytes": {
      "reason": "non-neural arm has no optimizer-step or peak-memory measurement",
      "value": "N/A"
    },
    "shape_nrmse": 1.002297135518874,
    "trainable_parameters": 0,
    "wall_clock_seconds": 1.6452390784397721
  },
  "E3": {
    "clean_nrmse": 0.9713001051029713,
    "clean_nrmse_bootstrap": {
      "block_dates": 20,
      "lower": 0.9692111507244098,
      "method": "circular_moving_date_block",
      "point": 0.9713001051029713,
      "replicates": 2,
      "seed": 1744187915137219080,
      "upper": 0.9758855174114622
    },
    "complexity": {
      "ast_depth": 4,
      "ast_node_count": 25,
      "free_constants": 25,
      "serialized_description_length": 1127
    },
    "description_length": 1127,
    "estimated_flops": 7712,
    "fidelity_max_absolute_error": 0.038352513787894754,
    "fidelity_nrmse": 0.8401638607618507,
    "fidelity_pearson": 0.95504307372939,
    "noisy_nrmse": 0.9706182227287926,
    "optimizer_steps": 1,
    "peak_memory_bytes": 630714368,
    "peak_memory_kind": "process_peak_rss_linux",
    "sample_presentations": 16,
    "shape_nrmse": 0.9909943206476802,
    "trainable_parameters": 241,
    "wall_clock_seconds": 0.005381821654736996
  },
  "E4": {
    "clean_nrmse": 0.971195089025437,
    "clean_nrmse_bootstrap": {
      "block_dates": 20,
      "lower": 0.9720820717022646,
      "method": "circular_moving_date_block",
      "point": 0.971195089025437,
      "replicates": 2,
      "seed": 6807537876901200973,
      "upper": 0.985265882161542
    },
    "complexity": {
      "ast_depth": 4,
      "ast_node_count": 25,
      "free_constants": 25,
      "serialized_description_length": 1127
    },
    "description_length": 1127,
    "eligible": false,
    "estimated_flops": 11552,
    "fidelity_max_absolute_error": 0.03831292261096795,
    "fidelity_nrmse": 0.8356245199438261,
    "fidelity_pearson": 0.9551032987579394,
    "noisy_nrmse": 0.9705114198077225,
    "optimizer_steps": 1,
    "peak_memory_bytes": 630906880,
    "peak_memory_kind": "process_peak_rss_linux",
    "prepromotion_fidelity": {
      "max_absolute_error": 0.03831292261096795,
      "nrmse": 0.8356245199438261,
      "pearson": 0.9551032987579394
    },
    "residual_energy_ratio": 3.501082595798326e-05,
    "residual_raw_energy": 6.976900753764557e-10,
    "sample_presentations": 16,
    "selected_input_mass": 0.2415784177509853,
    "selected_source": "SafeDiv(Sub(High,Low),Close)",
    "selected_window": null,
    "shape_nrmse": 0.9909821679291564,
    "trainable_parameters": 361,
    "wall_clock_seconds": 0.007275307551026344
  },
  "E5": {
    "candidate_evaluations": 2,
    "clean_nrmse": 0.8286735817739771,
    "clean_nrmse_bootstrap": {
      "block_dates": 20,
      "lower": 0.8269253521458096,
      "method": "circular_moving_date_block",
      "point": 0.8286735817739771,
      "replicates": 2,
      "seed": 8001101923584617698,
      "upper": 0.8619423766028751
    },
    "complexity": {
      "ast_depth": 4,
      "ast_node_count": 6,
      "free_constants": 2,
      "serialized_description_length": 469
    },
    "description_length": 469,
    "estimated_flops": 1280,
    "fidelity_max_absolute_error": 0.0,
    "fidelity_nrmse": 0.0,
    "fidelity_pearson": 1.0,
    "noisy_nrmse": 0.8203201489255618,
    "optimizer_steps": {
      "reason": "non-neural arm has no optimizer-step or peak-memory measurement",
      "value": "N/A"
    },
    "peak_memory_bytes": {
      "reason": "non-neural arm has no optimizer-step or peak-memory measurement",
      "value": "N/A"
    },
    "shape_nrmse": 1.0221654395665905,
    "trainable_parameters": 0,
    "wall_clock_seconds": 0.0007322691380977631
  },
  "HARD": {
    "clean_nrmse": "N/A",
    "description_length": "N/A",
    "fidelity_nrmse": "N/A",
    "fidelity_pearson": "N/A",
    "reason": "no governed primitive was fitted for this seed",
    "value": "N/A"
  },
  "seed": 8675502
}
